problem,method,surrogate,globalization,status,exit_status,iterations,bb_evals,final_obj,trust_radius,error
P1,c-TRFi,linear,filter,FAIL,,,,,1.0,Exception: Compatibility check fails!
P1,c-TRFu,linear,funnel,FAIL,,,,,1.0,Exception: Compatibility check fails!
P2,c-TRFi,linear,filter,FAIL,,,,,1.0,Exception: Compatibility check fails!
P2,c-TRFu,linear,funnel,FAIL,,,,,1.0,Exception: Compatibility check fails!
Eason,c-TRFi,ts,filter,OK,EXIT: POSSIBLY AN OPTIMAL SOLUTION IS FOUND,3,6,0.27704478876790234,1.0,
Eason,c-TRFu,ts,funnel,OK,EXIT: POSSIBLY AN OPTIMAL SOLUTION IS FOUND,3,6,0.27704478876790234,1.0,
Eason,c-TRFu,linear,funnel,OK,EXIT: POSSIBLY AN OPTIMAL SOLUTION IS FOUND,5,21,0.2770473746930813,1.0,
Eason,c-TRFu,quadratic,funnel,OK,EXIT: OPTIMAL SOLUTION FOUND,4,27,0.27704478810784544,1.0,
Wing Weight,c-TRFi,ts,filter,OK,EXIT: POSSIBLY AN OPTIMAL SOLUTION IS FOUND,15,18,123.25366532129391,1.0,
Wing Weight,c-TRFu,ts,funnel,OK,EXIT: POSSIBLY AN OPTIMAL SOLUTION IS FOUND,15,18,123.25366532170217,1.0,
Wing Weight,c-TRFu,linear,funnel,OK,EXIT: POSSIBLY AN OPTIMAL SOLUTION IS FOUND,15,48,123.25366531874447,1.0,
Wing Weight,c-TRFu,quadratic,funnel,OK,EXIT: POSSIBLY AN OPTIMAL SOLUTION IS FOUND,15,90,123.2536653174887,1.0,
Loeppky,c-TRFi,ts,filter,OK,EXIT: POSSIBLY AN OPTIMAL SOLUTION IS FOUND,3,7,-1.5537404685271136e-07,1.0,
Loeppky,c-TRFu,ts,funnel,OK,EXIT: POSSIBLY AN OPTIMAL SOLUTION IS FOUND,3,7,-1.5537404685271136e-07,1.0,
Loeppky,c-TRFu,linear,funnel,OK,EXIT: POSSIBLY AN OPTIMAL SOLUTION IS FOUND,3,16,-1.5537536808676406e-07,1.0,
Loeppky,c-TRFu,quadratic,funnel,OK,EXIT: POSSIBLY AN OPTIMAL SOLUTION IS FOUND,3,34,-1.5537437800259578e-07,1.0,
Welded Beam,c-TRFi,ts,filter,OK,EXIT: POSSIBLY AN OPTIMAL SOLUTION IS FOUND,7,12,1.7248522945938458,1.0,
Welded Beam,c-TRFu,ts,funnel,OK,EXIT: OPTIMAL SOLUTION FOUND,7,12,1.7248522964998085,1.0,
Welded Beam,c-TRFu,linear,funnel,OK,EXIT: POSSIBLY AN OPTIMAL SOLUTION IS FOUND,13,80,1.724852296855485,1.0,
Welded Beam,c-TRFu,quadratic,funnel,OK,EXIT: POSSIBLY AN OPTIMAL SOLUTION IS FOUND,8,125,1.7248522964200874,1.0,
Himmelblau,c-TRFi,ts,filter,OK,EXIT: POSSIBLY AN OPTIMAL SOLUTION IS FOUND,5,23,-25822.949006844574,500.0,
Himmelblau,c-TRFu,ts,funnel,OK,EXIT: POSSIBLY AN OPTIMAL SOLUTION IS FOUND,8,32,-25822.949006844112,500.0,
Himmelblau,c-TRFu,linear,funnel,FAIL,,,,,500.0,Exception: Compatibility check fails!
Himmelblau,c-TRFu,quadratic,funnel,OK,EXIT: Maximum iterations,501,4481,-25822.940574955566,500.0,
Colville,c-TRFi,ts,filter,OK,EXIT: POSSIBLY AN OPTIMAL SOLUTION IS FOUND,7,43,10122.493091384222,500.0,
Colville,c-TRFu,ts,funnel,OK,EXIT: POSSIBLY AN OPTIMAL SOLUTION IS FOUND,7,43,10122.493091384222,500.0,
Colville,c-TRFu,linear,funnel,OK,EXIT: Maximum iterations,501,7498,10720.947956563668,500.0,
Colville,c-TRFu,quadratic,funnel,OK,EXIT: POSSIBLY AN OPTIMAL SOLUTION IS FOUND,74,4410,10122.493091377113,500.0,
Six_BB_Chain,c-TRFi,ts,filter,OK,EXIT: POSSIBLY AN OPTIMAL SOLUTION IS FOUND,31,204,0.05745274410413072,1.0,
Six_BB_Chain,c-TRFu,ts,funnel,OK,EXIT: POSSIBLY AN OPTIMAL SOLUTION IS FOUND,28,186,0.05747702881492374,1.0,
Six_BB_Chain,c-TRFu,linear,funnel,OK,EXIT: POSSIBLY AN OPTIMAL SOLUTION IS FOUND,28,3222,0.05747702665390836,1.0,
Six_BB_Chain,c-TRFu,quadratic,funnel,OK,EXIT: POSSIBLY AN OPTIMAL SOLUTION IS FOUND,28,3672,0.05747702805826353,1.0,
High_dim_sep_10,c-TRFi,ts,filter,OK,EXIT: POSSIBLY AN OPTIMAL SOLUTION IS FOUND,64,1300,1.2320055827553182,1.0,
High_dim_sep_10,c-TRFu,ts,funnel,OK,EXIT: POSSIBLY AN OPTIMAL SOLUTION IS FOUND,51,1040,1.232028046679262,1.0,
High_dim_sep_10,c-TRFu,linear,funnel,OK,EXIT: POSSIBLY AN OPTIMAL SOLUTION IS FOUND,51,24720,1.2320281389157506,1.0,
High_dim_sep_10,c-TRFu,quadratic,funnel,OK,EXIT: POSSIBLY AN OPTIMAL SOLUTION IS FOUND,62,38380,1.232099983913275,1.0,
