problem,method,status,iterations,bb_evals,grad_evals,final_obj,trust_radius,error
P1,f-TRFu,OK,32,98,21,0.0,1.0,
P1,s-TRFi,OK,489,1506,338,0.0,1.0,
P2,f-TRFu,OK,15,78,14,10,1.0,
P2,s-TRFi,OK,70,488,114,10,1.0,
Eason,f-TRFu,OK,4,19,4,3.0,1.0,
Eason,s-TRFi,OK,4,19,4,3.0,1.0,
Wing Weight,f-TRFu,OK,2,11,2,259.598069519766,1.0,
Wing Weight,s-TRFi,OK,2,11,2,259.598069519766,1.0,
Loeppky,f-TRFu,OK,0,6,1,10.3,1.0,
Loeppky,s-TRFi,OK,0,6,1,10.3,1.0,
Welded Beam,f-TRFu,OK,6,27,6,10.094000000000001,1.0,
Welded Beam,s-TRFi,OK,68,275,68,10.094000000000001,1.0,
Himmelblau,f-TRFu,OK,30,360,87,-25983.183790000003,500.0,
Himmelblau,s-TRFi,OK,490,5862,1461,-25983.183790000003,500.0,
Colville,f-TRFu,OK,0,24,4,10138.5078,500.0,
Colville,s-TRFi,OK,0,24,4,10138.5078,500.0,
Six_BB_Chain,f-TRFu,OK,12,162,24,3.1100000000000003,1.0,
Six_BB_Chain,s-TRFi,OK,6,162,36,3.1100000000000003,1.0,
High_dim_sep_10,f-TRFu,OK,5,230,50,4.75,1.0,
High_dim_sep_10,s-TRFi,OK,5,230,50,4.75,1.0,
